Workbook

Sheet 📦 Inventario
A1: 🌸 INVENTARIO DE PERFUMES
A2: Gestión de Stock · Ventas · Control de Inventario
A4: N° | B4: NOMBRE DEL PERFUME | C4: MARCA / CASA | D4: TAMAÑO (ml) | E4: STOCK INICIAL | F4: UNIDADES VENDIDAS | G4: STOCK DISPONIBLE | H4: PRECIO UNITARIO | I4: TOTAL VENTAS ($) | J4: ESTADO | K4: NOTAS
A5: 1 | B5: Femenino Variado | C5: ONLYOU, ARABES | D5: 30 ml | E5: 136 | F5: 0 | G5: =IF(E5="","",E5-F5) -> 136 | I5: =IF(H5="","",F5*H5) | J5: =IF(G5="","—",IF(G5<=0,"❌ SIN STOCK",IF(G5<=3,"⚠️ STOCK BAJO","✅ DISPONIBLE"))) -> ✅ DISPONIBLE
A6: 2 | B6: Masculino Variado | C6: ONLYOU, ARABES | D6: 30 ml | E6: 120 | F6: 0 | G6: =IF(E6="","",E6-F6) -> 120 | I6: =IF(H6="","",F6*H6) | J6: =IF(G6="","—",IF(G6<=0,"❌ SIN STOCK",IF(G6<=3,"⚠️ STOCK BAJO","✅ DISPONIBLE"))) -> ✅ DISPONIBLE
A7: 3 | B7: Variado Fem y Masc | C7: LOVE colletion | D7: 25 ml | E7: 28 | F7: 0 | G7: =IF(E7="","",E7-F7) -> 28 | I7: =IF(H7="","",F7*H7) | J7: =IF(G7="","—",IF(G7<=0,"❌ SIN STOCK",IF(G7<=3,"⚠️ STOCK BAJO","✅ DISPONIBLE"))) -> ✅ DISPONIBLE
A8: 4 | B8: Variado Fem y Masc | C8: SMART | D8: 25 ml | E8: 10 | F8: 0 | G8: =IF(E8="","",E8-F8) -> 10 | I8: =IF(H8="","",F8*H8) | J8: =IF(G8="","—",IF(G8<=0,"❌ SIN STOCK",IF(G8<=3,"⚠️ STOCK BAJO","✅ DISPONIBLE"))) -> ✅ DISPONIBLE
A9: 5 | B9: Perfs Tubitos Variado F y M | D9: 35 ml | E9: 136 | F9: 0 | G9: =IF(E9="","",E9-F9) -> 136 | I9: =IF(H9="","",F9*H9) | J9: =IF(G9="","—",IF(G9<=0,"❌ SIN STOCK",IF(G9<=3,"⚠️ STOCK BAJO","✅ DISPONIBLE"))) -> ✅ DISPONIBLE
A10: 6 | B10: Zapatitos | C10: VARIADO DE MARCA | D10: 40 ml | E10: 18 | F10: 0 | G10: =IF(E10="","",E10-F10) -> 18 | I10: =IF(H10="","",F10*H10) | J10: =IF(G10="","—",IF(G10<=0,"❌ SIN STOCK",IF(G10<=3,"⚠️ STOCK BAJO","✅ DISPONIBLE"))) -> ✅ DISPONIBLE
A11: 7 | B11: Variado Fem y Masc | C11: Brand Colletion | D11: 30 ml | E11: 37 | F11: 0 | G11: =IF(E11="","",E11-F11) -> 37 | I11: =IF(H11="","",F11*H11) | J11: =IF(G11="","—",IF(G11<=0,"❌ SIN STOCK",IF(G11<=3,"⚠️ STOCK BAJO","✅ DISPONIBLE"))) -> ✅ DISPONIBLE
A12: 8 | B12: Mini khamrah | C12: LATTAFA | D12: 30 ml | E12: 2 | F12: 0 | G12: =IF(E12="","",E12-F12) -> 2 | I12: =IF(H12="","",F12*H12) | J12: =IF(G12="","—",IF(G12<=0,"❌ SIN STOCK",IF(G12<=3,"⚠️ STOCK BAJO","✅ DISPONIBLE"))) -> ⚠️ STOCK BAJO
A13: 9 | B13: 9PM | C13: AFNAN | D13: 30 ml | E13: 2 | F13: 1 | G13: =IF(E13="","",E13-F13) -> 1 | I13: =IF(H13="","",F13*H13) | J13: =IF(G13="","—",IF(G13<=0,"❌ SIN STOCK",IF(G13<=3,"⚠️ STOCK BAJO","✅ DISPONIBLE"))) -> ⚠️ STOCK BAJO
A14: 10 | B14: Orientic , Lyberti, Scanlover | C14: AVAR | D14: 30 ml | E14: 7 | F14: 0 | G14: =IF(E14="","",E14-F14) -> 7 | I14: =IF(H14="","",F14*H14) | J14: =IF(G14="","—",IF(G14<=0,"❌ SIN STOCK",IF(G14<=3,"⚠️ STOCK BAJO","✅ DISPONIBLE"))) -> ✅ DISPONIBLE
A15: 11 | B15: Miss, LOVELY, IDEAL | C15: MEMWA | D15: 30 ml | E15: 6 | F15: 1 | G15: =IF(E15="","",E15-F15) -> 5 | I15: =IF(H15="","",F15*H15) | J15: =IF(G15="","—",IF(G15<=0,"❌ SIN STOCK",IF(G15<=3,"⚠️ STOCK BAJO","✅ DISPONIBLE"))) -> ✅ DISPONIBLE
A16: 12 | B16: Mini Sabah candy | C16: beauty brand | D16: 25 ml | E16: 5 | F16: 0 | G16: =IF(E16="","",E16-F16) -> 5 | I16: =IF(H16="","",F16*H16) | J16: =IF(G16="","—",IF(G16<=0,"❌ SIN STOCK",IF(G16<=3,"⚠️ STOCK BAJO","✅ DISPONIBLE"))) -> ✅ DISPONIBLE
A17: 13 | B17: Mini sabah tradicional | C17: beauty brand | D17: 25 ml | E17: 5 | F17: 0 | G17: =IF(E17="","",E17-F17) -> 5 | I17: =IF(H17="","",F17*H17) | J17: =IF(G17="","—",IF(G17<=0,"❌ SIN STOCK",IF(G17<=3,"⚠️ STOCK BAJO","✅ DISPONIBLE"))) -> ✅ DISPONIBLE
A18: 14 | B18: Kit ASAD | D18: 30 ml | E18: 1 | F18: 1 | G18: =IF(E18="","",E18-F18) -> 0 | I18: =IF(H18="","",F18*H18) | J18: =IF(G18="","—",IF(G18<=0,"❌ SIN STOCK",IF(G18<=3,"⚠️ STOCK BAJO","✅ DISPONIBLE"))) -> ❌ SIN STOCK
A19: 15 | B19: Victoria | C19: MILAN | D19: 100 ml | E19: 4 | F19: 0 | G19: =IF(E19="","",E19-F19) -> 4 | I19: =IF(H19="","",F19*H19) | J19: =IF(G19="","—",IF(G19<=0,"❌ SIN STOCK",IF(G19<=3,"⚠️ STOCK BAJO","✅ DISPONIBLE"))) -> ✅ DISPONIBLE
A20: 16 | B20: DELINA mini | C20: Story | D20: 75 ml | E20: 5 | F20: 0 | G20: =IF(E20="","",E20-F20) -> 5 | I20: =IF(H20="","",F20*H20) | J20: =IF(G20="","—",IF(G20<=0,"❌ SIN STOCK",IF(G20<=3,"⚠️ STOCK BAJO","✅ DISPONIBLE"))) -> ✅ DISPONIBLE
A21: 17 | B21: Arabic Colletion | D21: 25 ml | E21: 12 | F21: 0 | G21: =IF(E21="","",E21-F21) -> 12 | I21: =IF(H21="","",F21*H21) | J21: =IF(G21="","—",IF(G21<=0,"❌ SIN STOCK",IF(G21<=3,"⚠️ STOCK BAJO","✅ DISPONIBLE"))) -> ✅ DISPONIBLE
A22: 18 | G22: =IF(E22="","",E22-F22) | I22: =IF(H22="","",F22*H22) | J22: =IF(G22="","—",IF(G22<=0,"❌ SIN STOCK",IF(G22<=3,"⚠️ STOCK BAJO","✅ DISPONIBLE"))) -> —
A23: 19 | G23: =IF(E23="","",E23-F23) | I23: =IF(H23="","",F23*H23) | J23: =IF(G23="","—",IF(G23<=0,"❌ SIN STOCK",IF(G23<=3,"⚠️ STOCK BAJO","✅ DISPONIBLE"))) -> —
A24: 20 | G24: =IF(E24="","",E24-F24) | I24: =IF(H24="","",F24*H24) | J24: =IF(G24="","—",IF(G24<=0,"❌ SIN STOCK",IF(G24<=3,"⚠️ STOCK BAJO","✅ DISPONIBLE"))) -> —
A25: TOTALES | E25: =SUM(E5:E24) -> 534 | F25: =SUM(F5:F24) -> 3 | G25: =SUM(G5:G24) -> 531 | I25: =SUM(I5:I24) -> 0

Sheet 🛒 Registro de Ventas
A1: 🛒 REGISTRO DE VENTAS
A2: Registra cada venta individualmente para llevar un historial completo
A3: N° VENTA | B3: FECHA | C3: NOMBRE DEL PERFUME | D3: CANTIDAD VENDIDA | E3: PRECIO UNITARIO | F3: TOTAL VENTA | G3: CLIENTE (Opcional) | H3: NOTAS
A4: 1 | F4: =IF(D4="","",D4*E4)
A5: 2 | F5: =IF(D5="","",D5*E5)
A6: 3 | F6: =IF(D6="","",D6*E6)
A7: 4 | F7: =IF(D7="","",D7*E7)
A8: 5 | F8: =IF(D8="","",D8*E8)
A9: 6 | F9: =IF(D9="","",D9*E9)
A10: 7 | F10: =IF(D10="","",D10*E10)
A11: 8 | F11: =IF(D11="","",D11*E11)
A12: 9 | F12: =IF(D12="","",D12*E12)
A13: 10 | F13: =IF(D13="","",D13*E13)
A14: 11 | F14: =IF(D14="","",D14*E14)
A15: 12 | F15: =IF(D15="","",D15*E15)
... A53: 50 | F53: =IF(D53="","",D53*E53)
A54: TOTAL GENERAL | D54: =SUM(D4:D53) -> 0 | F54: =SUM(F4:F53) -> 0

Sheet 📊 Resumen
A1: 📊 RESUMEN DEL INVENTARIO
B3: TOTAL PERFUMES CARGADOS | C3: =COUNTA('📦 Inventario'!B5:B24) -> 17 | E3: 📋 INSTRUCCIONES DE USO
E4: 1️⃣ Ve a la hoja 📦 Inventario
B5: TOTAL UNIDADES EN STOCK | C5: =SUM('📦 Inventario'!G5:G24) -> 531 | E5: 2️⃣ Ingresa el nombre del perfume en columna B
E6: 3️⃣ Completa marca, familia olfativa y tamaño
B7: TOTAL UNIDADES VENDIDAS | C7: =SUM('📦 Inventario'!F5:F24) -> 3 | E7: 4️⃣ Escribe el stock inicial en columna F (verde)
E8: 5️⃣ El stock disponible se calcula automáticamente
B9: TOTAL INGRESOS | C9: =SUM('📦 Inventario'!I5:I24) -> 0 | E9: 6️⃣ Al vender, suma las unidades en columna G
E10: 7️⃣ Registra cada venta en la hoja 🛒 Ventas
B11: PERFUMES SIN STOCK | C11: =COUNTIF('📦 Inventario'!G5:G24,0) -> 1 | E11: 8️⃣ El estado se actualiza solo (✅ ⚠️ ❌)
E12: 9️⃣ Consulta este resumen para ver totales
B13: PERFUMES STOCK BAJO (≤3) | C13: =COUNTIFS('📦 Inventario'!G5:G24,"<=3",'📦 Inventario'!G5:G24,">0") -> 2 | E13: 🔟 Agrega filas nuevas copiando el formato

Sheet 🌺 Familias Olfativas
A1: 🌺 GUÍA DE FAMILIAS OLFATIVAS
A2: FAMILIA | B2: DESCRIPCIÓN | C2: EJEMPLOS
A3: Floral | B3: Dominado por notas de flores | C3: Rosa, jazmín, lirio, peonia
A4: Oriental | B4: Cálido, especiado, amaderado | C4: Vainilla, ámbar, sándalo
A5: Aromático Fresco | B5: Hierbas frescas y cítricas | C5: Lavanda, menta, bergamota
A6: Cítrico / Hespéride | B6: Notas de frutas cítricas | C6: Limón, naranja, pomelo
A7: Chypre | B7: Musgo de roble, bergamota, labdanum | C7: Oakmoss, patchouli
A8: Fougère | B8: Helecho, lavanda, musgo | C8: Clásico masculino
A9: Acuático / Marino | B9: Frescor del mar y aire limpio | C9: Ozónico, algas marinas
A10: Amaderado | B10: Maderas cálidas y secas | C10: Cedro, sándalo, vetiver
A11: Gourmand | B11: Comestible, dulce, goloso | C11: Caramelo, vainilla, chocolate
A12: Cuero | B12: Notas animales y cuero | C12: Cuero, tabaco, alquitrán
A13: Verde | B13: Hojas, hierba cortada, naturaleza | C13: Violeta, galbanum, hierba
... A15: Especiado | B15: Especias cálidas o picantes | C15: Pimienta, canela, clavo
